{"Clay_EnDlesS": [-2.5567007333187926], "EaST_faMily": [1.995105850184067], "GiraFFe_nEck": [1.2469411359400735], "GlOsSy_cEAsELEss": [-2.092141298800868], "NIce_bOUnCY": [0.7828446779575062], "PAinstAkINg_Thought": [-0.15434636746623337], "PoiSOnouS_aBsUrdLy": [-2.3713080854873465], "QueUe_dApPer": [0.6288818382488954], "REqUEst_ReCoGNise": [-0.41085173404063613], "StrrAngEr_Dress": [-1.9378703547613325], "TAMe_ClASSY": [1.9760335683243049], "TRANSpoRt_orgANIC": [5.352270435471689], "abject_urge": [-2.1879411787463194], "afford_gutter": [2.691381996844477], "bLAND_bLACk": [-1.5830918890979446], "bOunDaRY_sTRanGer": [0.6890692077578117], "beach_fur": [0.272481400011892], "boundary_head": [-2.02102532795297], "cEmetErry_plAin": [4.73014314751304], "crowd_eat": [3.464425780622782], "destruction_conscience": [-0.9396774713516994], "fUTure_data": [2.8771627366716817], "feature_dog": [-0.7897691916334084], "fireCRaCker_bRIDgE": [0.21956557414137381], "friend_Koran": [1.459627760316339], "hard-to-find_brush": [-2.243736958482643], "lily_inappropriate": [5.415760636667965], "nEed_mUg": [-2.819304092418769], "nose_mArrvELouS": [0.025296988568845685], "prr0teSt_intEnd": [2.3404956186598422], "publicity_commemorate": [-4.152481848522814], "rOSe_ENdUrabLE": [2.949618776897133], "requirement_circle": [-2.730853628488419], "riddle_grape": [-2.161137977199943], "sausage_selection": [5.82078708420157], "sense_scandalous": [-2.1452518147366426], "serve_battlefield": [-1.597851719179132], "shareholder_air": [-1.8742099669195305], "simplistic_renew": [-1.8314172961030784], "soap_marble": [-2.8071126902188794], "source_low": [-1.648457654425662], "structure_mention": [1.640413028021804], "tape_drop": [-1.736708446789136], "technology_burst": [2.646767383633703], "technology_circle": [-1.4490386339445913], "thuNdEr_PeLViC": [-3.7858934693774375], "trait_basket": [4.942462978563439], "wIld_ChEss": [-4.1393577757560065]}