{"Clay_EnDlesS": [-2.5567007333187926, -1.9462904232704379, 2.542588840878808, 4.218134231321709], "EaST_faMily": [1.995105850184067, 5.181904023566939, 0.6738811121986849, 0.4813690062181728], "GiraFFe_nEck": [1.2469411359400735, 3.8921262091647018, -0.18739697773109068, -0.8740265465228338], "GlOsSy_cEAsELEss": [-2.092141298800868, 0.32383633256545963, 1.8544242480416384, 0.7780836241805653], "NIce_bOUnCY": [0.7828446779575062, 3.511250699827277, -1.5394361587923129, -1.1193435240879257], "PAinstAkINg_Thought": [-0.15434636746623337, -1.3108033985012528, -2.234805645882868, 1.6014002033665633], "PoiSOnouS_aBsUrdLy": [-2.3713080854873465, 2.4195073682333295, -2.6020602078018094, -0.06093466121336047], "QueUe_dApPer": [0.6288818382488954, 5.19453479009911, 1.9972514014430427, 0.40050487836843274], "REqUEst_ReCoGNise": [-0.41085173404063613, 4.122367840870528, 1.3318543275160657, -0.892858180957314], "StrrAngEr_Dress": [-1.9378703547613325, -3.7841995987484776, -0.14286441236829645, -1.616444861013872], "TAMe_ClASSY": [1.9760335683243049, -3.621532254145694, 1.3148334861234474, -3.2651447303926737], "TRANSpoRt_orgANIC": [5.352270435471689, -1.8592657472769931, -3.4374587272497044, 0.038693415159531896], "abject_urge": [-2.1879411787463194, -1.254867246265387, -1.0004813286185141, 3.264879655511175], "afford_gutter": [2.691381996844477, 1.9946872923253656, 0.2634832920905441, 2.070941682962465], "bLAND_bLACk": [-1.5830918890979446, -1.3927632232072937, 2.06051032746705, -3.8679597681492632], "bOunDaRY_sTRanGer": [0.6890692077578117, 1.0572570667314622, -0.6981963330879731, -1.8228796380538015], "beach_fur": [0.272481400011892, -0.6791003912959912, 3.821021329272513, -1.5851728996264127], "boundary_head": [-2.02102532795297, -0.8409596632994197, -2.448864479793802, 0.7900749769481578], "cEmetErry_plAin": [4.73014314751304, -2.8240983225069574, 0.2730627385275119, -1.4778985177882085], "crowd_eat": [3.464425780622782, -2.1814762076083105, 2.970637458126883, 0.21128554122673138], "destruction_conscience": [-0.9396774713516994, 0.4970195211794145, 3.6263102487765506, -3.096269563829302], "fUTure_data": [2.8771627366716817, 1.9081417362245359, -0.3341845336236909, 3.5126927936990167], "feature_dog": [-0.7897691916334084, 2.0291583046152333, 0.18050709819193297, -2.564609409206176], "fireCRaCker_bRIDgE": [0.21956557414137381, 3.0517483003435606, -0.6235761315070103, 1.2044578190965498], "friend_Koran": [1.459627760316339, 0.4040702803717912, 2.824342539607606, 2.1917863236891364], "hard-to-find_brush": [-2.243736958482643, -2.5625147545381046, 1.5468966566669988, -1.491379238303746], "lily_inappropriate": [5.415760636667965, -2.393905920427234, -2.674601656899704, 0.6425711156561053], "nEed_mUg": [-2.819304092418769, -1.906895176159822, -0.7759368749766388, 3.3490742858097184], "nose_mArrvELouS": [0.025296988568845685, -2.252334868574461, 4.4914707411631, -0.8979430140466258], "prr0teSt_intEnd": [2.3404956186598422, 2.364477505690651, 2.8080056103087427, 2.5256636433822077], "publicity_commemorate": [-4.152481848522814, 0.21101162204680257, -0.4775418613179535, -0.06460506952892044], "rOSe_ENdUrabLE": [2.949618776897133, -0.06058277544349458, -3.484278064410073, -0.9344659234743546], "requirement_circle": [-2.730853628488419, 0.31760987474147045, -3.321465013846799, -1.3390724602705364], "riddle_grape": [-2.161137977199943, 0.9026574193171859, -1.455099226400309, -2.5354848163372106], "sausage_selection": [5.82078708420157, -4.136804810828348, -0.04319773102366045, 0.30516338244508223], "sense_scandalous": [-2.1452518147366426, -1.5525624167719458, -0.48044065317895174, 2.164597379698596], "serve_battlefield": [-1.597851719179132, -0.10553317170454009, 1.7098715048083106, -2.061998926704165], "shareholder_air": [-1.8742099669195305, -1.814764109011919, -1.107550610716705, 1.0432287282134771], "simplistic_renew": [-1.8314172961030784, -0.5907793931096756, -1.2464169224571962, 2.0616413324177136], "soap_marble": [-2.8071126902188794, -2.6638284063898854, 2.3181381261886678, 1.5345464197806484], "source_low": [-1.648457654425662, -2.331178057214642, -2.032786301052921, -0.6595745847567854], "structure_mention": [1.640413028021804, 3.7513317872997787, 0.505484998163238, -1.1958987325059909], "tape_drop": [-1.736708446789136, -0.9793096551164335, -2.261845667504106, 2.928754051299943], "technology_burst": [2.646767383633703, 1.8244075497573096, 3.0017166605838703, 2.0709723049152013], "technology_circle": [-1.4490386339445913, 1.5517725948372048, -3.6798268077149565, -2.7365584979898228], "thuNdEr_PeLViC": [-3.7858934693774375, 2.4826805942927455, -2.286045807408097, -0.6783098145705878], "trait_basket": [4.942462978563439, -1.893013060036459, -2.706482520231294, -1.5885566227830261], "wIld_ChEss": [-4.1393577757560065, -2.054195662648681, 1.166547909451227, -0.9631267932539873]}